"subject"	"rt"	"stimuli"	"r"	"g"	"b"
"1"	"1"	51924	"blue"	255	174	180
"2"	"1"	16014	"green"	255	139	237
"3"	"1"	10413	"yellow"	160	74	255
"4"	"1"	14407	"yellow"	186	93	255
"5"	"1"	32325	"red"	82	168	255
"6"	"1"	33150	"magenta"	39	180	255
"7"	"1"	21518	"red"	61	194	255
"8"	"1"	29325	"cyan"	144	144	144
"9"	"1"	41637	"magenta"	0	161	144
"10"	"1"	15830	"blue"	255	185	175
"11"	"1"	16871	"cyan"	255	142	149
"12"	"1"	13238	"blue"	255	183	162
"13"	"1"	11396	"magenta"	142	255	158
"14"	"1"	19406	"red"	118	255	239
"15"	"1"	21837	"green"	193	85	255
"16"	"1"	18109	"yellow"	158	81	255
"17"	"1"	11496	"green"	165	39	255
"18"	"1"	38501	"cyan"	229	143	255
"19"	"1"	8406	"blue"	255	159	164
"20"	"2"	20168	"yellow"	255	94	211
"21"	"2"	12292	"red"	105	212	255
"22"	"2"	10921	"yellow"	190	109	255
"23"	"2"	9394	"yellow"	173	94	255
"24"	"2"	15946	"cyan"	179	61	255
"25"	"2"	8664	"blue"	255	165	151
"26"	"2"	9681	"magenta"	141	255	120
"27"	"2"	11641	"red"	131	193	255
"28"	"2"	9297	"blue"	255	201	174
"29"	"2"	5650	"cyan"	255	130	137
"30"	"2"	9326	"green"	255	155	244
"31"	"2"	7841	"red"	122	164	255
"32"	"2"	14521	"magenta"	108	255	110
"33"	"2"	11601	"magenta"	108	255	125
"34"	"2"	5057	"green"	181	135	255
"35"	"2"	9009	"green"	239	173	255
"36"	"2"	7321	"cyan"	255	121	157
"37"	"2"	10912	"blue"	255	180	159
"38"	"2"	6760	"yellow"	171	116	255
"39"	"3"	22297	"green"	222	116	255
"40"	"3"	11354	"yellow"	124	81	255
"41"	"3"	25049	"cyan"	92	0	41
"42"	"3"	14266	"magenta"	10	117	0
"43"	"3"	4202	"blue"	255	155	112
"44"	"3"	4194	"green"	207	46	255
"45"	"3"	3578	"blue"	255	151	137
"46"	"3"	8582	"magenta"	0	150	43
"47"	"3"	4882	"magenta"	0	143	39
"48"	"3"	12569	"red"	0	182	162
"49"	"3"	7965	"red"	0	149	211
"50"	"3"	9290	"cyan"	147	147	147
"51"	"3"	6914	"red"	0	191	252
"52"	"3"	10210	"yellow"	113	96	255
"53"	"3"	15001	"cyan"	137	137	137
"54"	"3"	7015	"green"	172	69	255
"55"	"3"	8738	"yellow"	147	112	255
"56"	"3"	4788	"blue"	255	191	177
"57"	"3"	17985	"green"	151	0	142
"58"	"4"	42133	"yellow"	148	40	255
"59"	"4"	12575	"green"	142	0	230
"60"	"4"	10822	"yellow"	132	0	252
"61"	"4"	11038	"red"	0	160	191
"62"	"4"	33077	"magenta"	0	194	101
"63"	"4"	17275	"yellow"	148	80	255
"64"	"4"	26750	"blue"	255	160	159
"65"	"4"	20662	"green"	172	27	255
"66"	"4"	15070	"red"	9	248	255
"67"	"4"	32766	"cyan"	177	104	255
"68"	"4"	18878	"magenta"	0	153	80
"69"	"4"	71844	"cyan"	122	72	0
"70"	"4"	17271	"green"	130	0	248
"71"	"4"	16886	"blue"	255	179	185
"72"	"4"	36574	"cyan"	255	137	96
"73"	"4"	5438	"red"	46	125	255
"74"	"4"	10982	"magenta"	0	142	118
"75"	"4"	6729	"yellow"	122	54	255
"76"	"4"	10831	"blue"	255	203	167
"77"	"5"	6858	"blue"	255	125	133
"78"	"5"	9425	"cyan"	255	101	163
"79"	"5"	3778	"yellow"	179	88	255
"80"	"5"	11818	"cyan"	208	94	255
"81"	"5"	6644	"red"	128	109	255
"82"	"5"	6434	"red"	103	82	255
"83"	"5"	11162	"magenta"	20	255	147
"84"	"5"	10113	"blue"	255	213	166
"85"	"5"	9057	"magenta"	0	220	206
"86"	"5"	9233	"yellow"	140	37	255
"87"	"5"	7227	"magenta"	0	199	164
"88"	"5"	4611	"red"	82	131	255
"89"	"5"	8848	"blue"	255	183	151
"90"	"5"	7563	"yellow"	165	97	255
"91"	"5"	9425	"green"	181	112	255
"92"	"5"	12560	"cyan"	191	57	255
"93"	"5"	8002	"green"	196	106	255
"94"	"5"	3026	"green"	192	98	255
"95"	"5"	3899	"green"	209	77	255
"96"	"6"	19705	"blue"	220	69	0
"97"	"6"	27200	"cyan"	255	120	124
"98"	"6"	21097	"green"	233	133	255
"99"	"6"	16745	"red"	135	199	255
"100"	"6"	21489	"magenta"	0	173	136
"101"	"6"	6722	"magenta"	0	174	121
"102"	"6"	9138	"green"	136	78	255
"103"	"6"	24480	"cyan"	195	174	255
"104"	"6"	14920	"yellow"	171	134	255
"105"	"6"	18665	"red"	11	175	255
"106"	"6"	13695	"green"	152	114	255
"107"	"6"	17425	"magenta"	0	185	117
"108"	"6"	13938	"yellow"	126	137	255
"109"	"6"	17112	"yellow"	147	134	255
"110"	"6"	16625	"red"	11	160	255
"111"	"6"	19155	"blue"	194	217	255
"112"	"6"	13057	"blue"	255	215	216
"113"	"6"	8773	"blue"	255	207	195
"114"	"6"	14208	"cyan"	146	146	146
"115"	"7"	11933	"yellow"	167	0	246
"116"	"7"	4671	"blue"	255	174	130
"117"	"7"	8255	"cyan"	255	113	81
"118"	"7"	14566	"magenta"	0	186	68
"119"	"7"	13047	"red"	131	201	255
"120"	"7"	23278	"magenta"	0	191	129
"121"	"7"	8326	"blue"	255	195	158
"122"	"7"	11894	"green"	188	76	255
"123"	"7"	9246	"blue"	255	166	147
"124"	"7"	18087	"green"	220	139	255
"125"	"7"	23998	"red"	165	217	255
"126"	"7"	9924	"green"	188	121	255
"127"	"7"	11262	"yellow"	191	84	255
"128"	"7"	24214	"red"	147	203	255
"129"	"7"	23206	"yellow"	181	162	255
"130"	"7"	9923	"cyan"	128	128	128
"131"	"7"	12991	"yellow"	180	90	255
"132"	"7"	9503	"cyan"	142	142	142
"133"	"7"	11278	"magenta"	0	163	122
"134"	"8"	20978	"cyan"	255	156	112
"135"	"8"	6937	"cyan"	255	127	116
"136"	"8"	5634	"magenta"	86	255	138
"137"	"8"	3122	"green"	166	52	255
"138"	"8"	4723	"yellow"	166	150	255
"139"	"8"	6827	"magenta"	15	255	150
"140"	"8"	6386	"blue"	255	158	97
"141"	"8"	6501	"yellow"	194	114	255
"142"	"8"	7946	"cyan"	193	162	255
"143"	"8"	8498	"blue"	255	154	108
"144"	"8"	7418	"blue"	255	156	92
"145"	"8"	5227	"red"	140	105	255
"146"	"8"	4586	"red"	86	143	255
"147"	"8"	4919	"yellow"	139	118	255
"148"	"8"	8338	"red"	124	154	255
"149"	"8"	3322	"green"	166	138	255
"150"	"8"	9282	"magenta"	108	255	160
"151"	"8"	4818	"green"	170	104	255
"152"	"8"	5105	"cyan"	193	169	255
"153"	"9"	14350	"blue"	255	192	158
"154"	"9"	7542	"magenta"	0	214	129
"155"	"9"	6846	"green"	176	24	255
"156"	"9"	5566	"yellow"	85	0	203
"157"	"9"	10790	"cyan"	118	0	72
"158"	"9"	4838	"red"	0	148	190
"159"	"9"	4886	"magenta"	0	142	124
"160"	"9"	16366	"blue"	255	197	126
"161"	"9"	12647	"green"	135	24	255
"162"	"9"	7366	"red"	0	171	202
"163"	"9"	3294	"red"	0	152	173
"164"	"9"	6134	"cyan"	147	147	147
"165"	"9"	14581	"magenta"	0	126	93
"166"	"9"	14286	"blue"	255	200	143
"167"	"9"	12886	"yellow"	129	12	255
"168"	"9"	7614	"blue"	255	172	162
"169"	"9"	10390	"yellow"	144	96	255
"170"	"9"	8877	"green"	159	0	158
"171"	"9"	5997	"cyan"	124	0	66
"172"	"10"	16561	"yellow"	209	187	255
"173"	"10"	16817	"yellow"	230	157	255
"174"	"10"	2532	"green"	212	69	255
"175"	"10"	10730	"blue"	143	143	143
"176"	"10"	4802	"magenta"	140	140	140
"177"	"10"	12698	"magenta"	146	255	101
"178"	"10"	9208	"yellow"	186	108	255
"179"	"10"	9794	"magenta"	0	171	17
"180"	"10"	7321	"red"	89	197	255
"181"	"10"	4217	"red"	70	151	255
"182"	"10"	3378	"red"	88	187	255
"183"	"10"	10674	"blue"	150	150	150
"184"	"10"	8650	"cyan"	145	145	145
"185"	"10"	10290	"green"	230	135	255
"186"	"10"	5394	"green"	197	105	255
"187"	"10"	5641	"yellow"	145	94	255
"188"	"10"	6578	"cyan"	145	145	145
"189"	"10"	4282	"cyan"	145	145	145
"190"	"10"	6274	"blue"	151	151	151
"191"	"11"	17917	"red"	93	194	255
"192"	"11"	5573	"yellow"	155	109	255
"193"	"11"	9614	"blue"	255	122	105
"194"	"11"	6278	"yellow"	137	0	247
"195"	"11"	5421	"red"	35	158	255
"196"	"11"	4214	"magenta"	0	236	165
"197"	"11"	11302	"cyan"	245	93	255
"198"	"11"	9550	"green"	197	86	255
"199"	"11"	4222	"green"	159	0	215
"200"	"11"	3028	"cyan"	211	117	255
"201"	"11"	5478	"magenta"	37	255	158
"202"	"11"	4919	"red"	0	171	218
"203"	"11"	3879	"magenta"	0	215	110
"204"	"11"	6678	"yellow"	70	0	153
"205"	"11"	6199	"green"	146	44	255
"206"	"11"	9165	"blue"	255	141	196
"207"	"11"	5518	"cyan"	255	146	192
"208"	"11"	10366	"blue"	255	153	162
"209"	"11"	10453	"red"	110	169	255
"210"	"12"	10778	"green"	186	0	186
"211"	"12"	9914	"blue"	255	121	73
"212"	"12"	5482	"red"	8	141	255
"213"	"12"	9489	"blue"	255	161	56
"214"	"12"	6282	"magenta"	0	220	163
"215"	"12"	10250	"magenta"	96	157	0
"216"	"12"	9154	"cyan"	255	158	78
"217"	"12"	3874	"red"	53	187	255
"218"	"12"	11465	"yellow"	42	102	255
"219"	"12"	11921	"cyan"	162	120	255
"220"	"12"	9075	"yellow"	149	130	255
"221"	"12"	7810	"yellow"	140	89	255
"222"	"12"	17817	"magenta"	0	248	140
"223"	"12"	5478	"red"	39	198	255
"224"	"12"	4573	"green"	151	66	255
"225"	"12"	10578	"blue"	255	173	117
"226"	"12"	8723	"green"	171	80	255
"227"	"12"	5338	"green"	171	48	255
"228"	"12"	11433	"cyan"	165	128	255
"229"	"13"	20014	"magenta"	140	140	140
"230"	"13"	9558	"cyan"	181	0	175
"231"	"13"	3647	"red"	0	107	202
"232"	"13"	6398	"magenta"	0	185	146
"233"	"13"	3910	"blue"	255	161	138
"234"	"13"	9918	"cyan"	141	0	18
"235"	"13"	6142	"yellow"	114	0	214
"236"	"13"	6046	"green"	109	0	110
"237"	"13"	10317	"blue"	171	0	133
"238"	"13"	4495	"red"	33	160	255
"239"	"13"	3542	"yellow"	66	0	149
"240"	"13"	7669	"green"	94	0	181
"241"	"13"	4223	"blue"	255	147	174
"242"	"13"	7582	"green"	148	0	175
"243"	"13"	3583	"magenta"	0	125	126
"244"	"13"	7839	"cyan"	149	0	69
"245"	"13"	2399	"red"	0	140	195
"246"	"13"	5574	"yellow"	96	0	177
"247"	"13"	4806	"magenta"	0	139	137
"248"	"14"	42260	"green"	0	222	22
"249"	"14"	7550	"blue"	0	32	147
"250"	"14"	15086	"cyan"	117	241	255
"251"	"14"	14910	"yellow"	255	206	17
"252"	"14"	11430	"red"	255	49	7
"253"	"14"	16558	"yellow"	255	223	100
"254"	"14"	10229	"magenta"	22	89	0
"255"	"14"	15054	"red"	35	110	255
"256"	"14"	11838	"cyan"	133	0	58
"257"	"14"	21909	"blue"	191	105	0
"258"	"14"	15662	"yellow"	86	0	93
"259"	"14"	9438	"red"	20	154	255
"260"	"14"	27196	"blue"	224	131	0
"261"	"14"	20069	"green"	153	0	147
"262"	"14"	13037	"magenta"	0	108	57
"263"	"14"	13318	"magenta"	0	129	71
"264"	"14"	5687	"green"	144	0	187
"265"	"14"	19149	"green"	74	0	88
"266"	"14"	24813	"cyan"	92	0	48
"267"	"15"	60757	"cyan"	98	220	255
"268"	"15"	4754	"green"	255	84	245
"269"	"15"	9682	"red"	25	223	255
"270"	"15"	11538	"green"	132	92	255
"271"	"15"	12506	"blue"	255	176	161
"272"	"15"	7058	"blue"	255	161	155
"273"	"15"	6794	"red"	104	117	255
"274"	"15"	11545	"yellow"	132	50	255
"275"	"15"	7362	"yellow"	124	20	255
"276"	"15"	12961	"blue"	255	159	150
"277"	"15"	11954	"yellow"	144	96	255
"278"	"15"	11306	"cyan"	207	120	255
"279"	"15"	7665	"magenta"	0	223	128
"280"	"15"	14817	"magenta"	0	179	105
"281"	"15"	11217	"green"	132	64	255
"282"	"15"	5106	"cyan"	152	0	235
"283"	"15"	7978	"magenta"	0	189	116
"284"	"15"	3698	"red"	0	161	222
"285"	"15"	3162	"cyan"	0	123	220
"286"	"16"	47485	"blue"	255	172	155
"287"	"16"	10237	"yellow"	183	24	255
"288"	"16"	12197	"magenta"	0	189	89
"289"	"16"	8838	"yellow"	174	56	255
"290"	"16"	9013	"red"	62	192	255
"291"	"16"	10286	"magenta"	0	185	121
"292"	"16"	7006	"red"	96	187	255
"293"	"16"	8543	"green"	150	56	255
"294"	"16"	9759	"yellow"	135	88	255
"295"	"16"	20733	"cyan"	255	161	172
"296"	"16"	13702	"cyan"	255	154	165
"297"	"16"	13364	"blue"	255	194	167
"298"	"16"	5982	"green"	191	64	255
"299"	"16"	12373	"green"	177	85	255
"300"	"16"	22167	"magenta"	52	125	0
"301"	"16"	10997	"cyan"	255	184	147
"302"	"16"	10430	"blue"	255	188	185
"303"	"16"	13342	"red"	98	236	255
"304"	"16"	13246	"blue"	255	186	167
"305"	"17"	37233	"blue"	255	172	143
"306"	"17"	23625	"blue"	255	201	175
"307"	"17"	16210	"magenta"	184	255	149
"308"	"17"	11658	"cyan"	247	161	255
"309"	"17"	12693	"magenta"	135	255	128
"310"	"17"	15945	"red"	35	199	255
"311"	"17"	12490	"yellow"	178	135	255
"312"	"17"	3839	"red"	0	166	189
"313"	"17"	13185	"green"	191	147	255
"314"	"17"	5914	"green"	145	104	255
"315"	"17"	7154	"yellow"	152	118	255
"316"	"17"	7937	"yellow"	167	126	255
"317"	"17"	5003	"green"	173	78	255
"318"	"17"	9978	"blue"	255	195	216
"319"	"17"	8905	"cyan"	255	157	178
"320"	"17"	16682	"red"	145	255	226
"321"	"17"	9266	"magenta"	151	255	166
"322"	"17"	6377	"blue"	255	203	173
"323"	"17"	9122	"cyan"	255	211	222
"324"	"18"	64614	"green"	144	21	255
"325"	"18"	8875	"red"	74	116	255
"326"	"18"	10494	"magenta"	0	94	89
"327"	"18"	9798	"blue"	255	213	209
"328"	"18"	5396	"blue"	255	207	171
"329"	"18"	6990	"red"	118	118	118
"330"	"18"	8669	"magenta"	0	118	118
"331"	"18"	4751	"yellow"	123	123	123
"332"	"18"	3943	"blue"	255	199	208
"333"	"18"	5550	"cyan"	255	215	234
"334"	"18"	10782	"cyan"	249	207	255
"335"	"18"	3871	"yellow"	186	126	255
"336"	"18"	3054	"green"	195	94	255
"337"	"18"	3127	"yellow"	191	126	255
"338"	"18"	2814	"red"	96	147	255
"339"	"18"	4278	"cyan"	104	104	104
"340"	"18"	4766	"green"	171	105	255
"341"	"18"	3479	"magenta"	0	117	109
"342"	"18"	3862	"green"	113	81	255
"343"	"19"	18022	"blue"	255	192	173
"344"	"19"	4559	"yellow"	113	0	167
"345"	"19"	6335	"magenta"	0	155	92
"346"	"19"	10423	"red"	0	171	230
"347"	"19"	5919	"magenta"	0	197	161
"348"	"19"	4311	"red"	16	219	255
"349"	"19"	8071	"blue"	255	205	138
"350"	"19"	4335	"yellow"	144	12	255
"351"	"19"	4135	"red"	0	180	238
"352"	"19"	3391	"yellow"	109	108	255
"353"	"19"	14246	"cyan"	31	30	0
"354"	"19"	6070	"blue"	255	168	126
"355"	"19"	5206	"green"	113	0	150
"356"	"19"	3718	"green"	143	0	177
"357"	"19"	6422	"cyan"	65	0	61
"358"	"19"	12799	"cyan"	100	0	49
"359"	"19"	5413	"green"	184	35	255
"360"	"19"	9271	"magenta"	0	120	19
"361"	"19"	8678	"blue"	255	192	177
"362"	"20"	30293	"green"	209	129	255
"363"	"20"	9351	"blue"	255	136	68
"364"	"20"	8991	"red"	0	155	238
"365"	"20"	5367	"magenta"	0	171	96
"366"	"20"	9743	"blue"	255	221	182
"367"	"20"	9239	"yellow"	143	0	254
"368"	"20"	21654	"magenta"	0	174	94
"369"	"20"	7150	"yellow"	121	89	255
"370"	"20"	14062	"red"	0	140	169
"371"	"20"	9798	"red"	0	179	206
"372"	"20"	9423	"magenta"	0	147	118
"373"	"20"	19670	"green"	117	0	232
"374"	"20"	9293	"yellow"	162	129	255
"375"	"20"	10206	"green"	139	0	174
"376"	"20"	9142	"green"	144	23	255
"377"	"20"	4527	"blue"	255	174	165
"378"	"20"	7998	"cyan"	255	181	183
"379"	"20"	12158	"cyan"	255	168	150
"380"	"20"	30573	"cyan"	255	213	240
"381"	"21"	31604	"green"	159	0	185
"382"	"21"	18569	"magenta"	0	129	96
"383"	"21"	6730	"magenta"	0	124	82
"384"	"21"	13561	"yellow"	142	41	255
"385"	"21"	9794	"cyan"	169	52	255
"386"	"21"	8995	"green"	184	19	255
"387"	"21"	7035	"red"	0	151	191
"388"	"21"	6890	"yellow"	143	58	255
"389"	"21"	11018	"yellow"	142	0	235
"390"	"21"	11705	"cyan"	176	49	255
"391"	"21"	13372	"cyan"	208	105	255
"392"	"21"	5418	"green"	175	0	243
"393"	"21"	17726	"magenta"	0	129	106
"394"	"21"	12114	"red"	9	167	255
"395"	"21"	9414	"blue"	255	169	202
"396"	"21"	19209	"red"	74	190	255
"397"	"21"	5962	"green"	170	76	255
"398"	"21"	13178	"blue"	248	198	255
"399"	"21"	9281	"blue"	255	158	161
"400"	"22"	31849	"red"	0	174	189
"401"	"22"	10321	"blue"	255	152	85
"402"	"22"	3698	"yellow"	165	57	255
"403"	"22"	3435	"green"	189	49	255
"404"	"22"	5354	"magenta"	24	255	180
"405"	"22"	7882	"magenta"	1	255	160
"406"	"22"	12881	"yellow"	122	0	216
"407"	"22"	7474	"green"	208	41	255
"408"	"22"	8915	"blue"	255	141	134
"409"	"22"	5617	"blue"	255	149	128
"410"	"22"	11409	"red"	0	160	206
"411"	"22"	5322	"yellow"	121	0	235
"412"	"22"	3490	"magenta"	0	149	125
"413"	"22"	5978	"green"	158	0	244
"414"	"22"	7802	"cyan"	74	0	33
"415"	"22"	5410	"red"	31	122	255
"416"	"22"	5082	"red"	0	97	207
"417"	"22"	4532	"cyan"	107	107	107
"418"	"22"	6631	"cyan"	100	62	0
"419"	"23"	64230	"yellow"	226	146	255
"420"	"23"	11985	"red"	48	215	255
"421"	"23"	9466	"blue"	255	147	120
"422"	"23"	21090	"magenta"	99	255	93
"423"	"23"	22377	"cyan"	134	134	134
"424"	"23"	11298	"yellow"	161	70	255
"425"	"23"	19072	"cyan"	255	213	254
"426"	"23"	9474	"green"	201	97	255
"427"	"23"	6129	"yellow"	148	73	255
"428"	"23"	7210	"red"	58	169	255
"429"	"23"	20572	"blue"	255	160	151
"430"	"23"	17257	"green"	174	89	255
"431"	"23"	14457	"blue"	255	178	167
"432"	"23"	46071	"magenta"	0	183	96
"433"	"23"	15329	"cyan"	152	152	152
"434"	"23"	10338	"red"	122	224	255
"435"	"23"	18933	"magenta"	0	171	104
"436"	"23"	7506	"green"	166	129	255
"437"	"23"	6561	"yellow"	148	116	255
"438"	"24"	13769	"red"	244	62	0
"439"	"24"	7770	"green"	0	211	112
"440"	"24"	10255	"yellow"	255	226	66
"441"	"24"	9649	"yellow"	93	0	106
"442"	"24"	10946	"magenta"	151	3	0
"443"	"24"	11514	"cyan"	103	0	134
"444"	"24"	7181	"cyan"	159	246	255
"445"	"24"	2982	"green"	255	82	255
"446"	"24"	8135	"magenta"	0	145	110
"447"	"24"	5148	"green"	228	94	255
"448"	"24"	6818	"blue"	255	203	166
"449"	"24"	7142	"red"	81	236	255
"450"	"24"	9890	"magenta"	0	235	166
"451"	"24"	10986	"yellow"	72	0	59
"452"	"24"	5091	"red"	86	191	255
"453"	"24"	7939	"blue"	255	203	170
"454"	"24"	6313	"red"	114	219	255
"455"	"24"	4614	"cyan"	150	97	255
"456"	"24"	11286	"blue"	255	210	195
"457"	"25"	35125	"red"	12	75	255
"458"	"25"	19654	"green"	161	0	82
"459"	"25"	22654	"yellow"	117	0	95
"460"	"25"	21542	"green"	85	0	150
"461"	"25"	10918	"yellow"	127	0	182
"462"	"25"	9438	"blue"	255	156	112
"463"	"25"	7207	"blue"	255	144	134
"464"	"25"	7589	"blue"	255	165	147
"465"	"25"	9741	"magenta"	0	194	99
"466"	"25"	14455	"cyan"	145	145	145
"467"	"25"	26541	"red"	94	236	255
"468"	"25"	21350	"green"	76	0	101
"469"	"25"	18726	"yellow"	126	0	240
"470"	"25"	35748	"cyan"	255	129	198
"471"	"25"	14030	"magenta"	0	108	54
"472"	"25"	6462	"magenta"	0	106	59
"473"	"25"	21348	"red"	53	58	255
"474"	"25"	4782	"cyan"	145	145	145
"475"	"25"	2822	"red"	143	143	143
"476"	"26"	9346	"green"	183	93	255
"477"	"26"	6189	"red"	65	115	255
"478"	"26"	5219	"yellow"	128	96	255
"479"	"26"	14114	"red"	77	155	255
"480"	"26"	32073	"red"	74	166	255
"481"	"26"	10786	"green"	167	42	255
"482"	"26"	10563	"magenta"	0	170	80
"483"	"26"	7162	"green"	167	81	255
"484"	"26"	15882	"magenta"	0	175	93
"485"	"26"	8586	"yellow"	172	0	243
"486"	"26"	2994	"yellow"	179	56	255
"487"	"26"	8794	"blue"	255	151	186
"488"	"26"	6706	"green"	184	84	255
"489"	"26"	6338	"magenta"	0	201	179
"490"	"26"	12418	"blue"	255	137	204
"491"	"26"	6089	"cyan"	194	81	255
"492"	"26"	15306	"cyan"	180	65	255
"493"	"26"	9162	"blue"	255	167	194
"494"	"26"	5579	"cyan"	197	76	255
"495"	"27"	72188	"cyan"	245	135	255
"496"	"27"	9013	"blue"	255	137	137
"497"	"27"	13302	"green"	252	108	255
"498"	"27"	5574	"red"	94	146	255
"499"	"27"	12741	"blue"	255	129	124
"500"	"27"	8182	"green"	246	54	255
"501"	"27"	11564	"magenta"	108	170	0
"502"	"27"	3334	"yellow"	152	77	255
"503"	"27"	15429	"cyan"	170	0	230
"504"	"27"	3749	"green"	191	62	255
"505"	"27"	8350	"red"	137	116	255
"506"	"27"	12606	"yellow"	140	0	231
"507"	"27"	7230	"red"	0	144	243
"508"	"27"	3654	"yellow"	136	73	255
"509"	"27"	15046	"magenta"	62	255	167
"510"	"27"	9709	"magenta"	32	255	190
"511"	"27"	9759	"cyan"	255	80	118
"512"	"27"	12718	"blue"	255	118	65
"513"	"27"	6620	"cyan"	255	85	98
"514"	"28"	8792	"magenta"	45	255	116
"515"	"28"	10853	"blue"	255	184	137
"516"	"28"	14258	"red"	20	255	213
"517"	"28"	5425	"yellow"	129	110	255
"518"	"28"	33520	"green"	123	0	187
"519"	"28"	8958	"red"	0	169	251
"520"	"28"	25425	"yellow"	105	0	157
"521"	"28"	5330	"magenta"	0	189	157
"522"	"28"	7586	"blue"	255	131	94
"523"	"28"	7890	"green"	172	65	255
"524"	"28"	9665	"green"	208	5	255
"525"	"28"	11377	"magenta"	0	139	83
"526"	"28"	5986	"blue"	255	183	150
"527"	"28"	7498	"red"	0	188	227
"528"	"28"	4426	"cyan"	140	140	140
"529"	"28"	3449	"cyan"	142	142	142
"530"	"28"	10545	"yellow"	73	0	151
"531"	"28"	6970	"magenta"	0	178	108
"532"	"28"	6411	"cyan"	144	144	144
"533"	"29"	16639	"red"	137	210	255
"534"	"29"	11015	"yellow"	146	100	255
"535"	"29"	18486	"green"	179	84	255
"536"	"29"	6839	"red"	89	144	255
"537"	"29"	6142	"green"	149	42	255
"538"	"29"	4543	"red"	42	177	255
"539"	"29"	14439	"cyan"	196	175	255
"540"	"29"	19023	"magenta"	143	255	217
"541"	"29"	9479	"green"	156	98	255
"542"	"29"	13246	"magenta"	68	255	216
"543"	"29"	13566	"yellow"	160	72	255
"544"	"29"	12391	"blue"	255	197	198
"545"	"29"	16599	"blue"	255	183	195
"546"	"29"	11838	"yellow"	166	11	255
"547"	"29"	19806	"blue"	255	185	171
"548"	"29"	16830	"cyan"	247	81	255
"549"	"29"	16783	"magenta"	69	255	191
"550"	"29"	28062	"cyan"	193	142	255
"551"	"29"	21558	"cyan"	170	0	182
"552"	"30"	2715	"magenta"	193	0	244
"553"	"30"	14240	"blue"	255	38	8
"554"	"30"	11458	"yellow"	206	112	255
"555"	"30"	6242	"cyan"	255	105	215
"556"	"30"	5026	"red"	0	165	193
"557"	"30"	9949	"yellow"	128	0	166
"558"	"30"	6802	"magenta"	0	174	150
"559"	"30"	9530	"blue"	150	0	22
"560"	"30"	3354	"green"	255	150	204
"561"	"30"	9506	"cyan"	182	0	72
"562"	"30"	7993	"red"	31	110	255
"563"	"30"	8544	"red"	128	131	255
"564"	"30"	8778	"blue"	255	233	142
"565"	"30"	6316	"magenta"	15	255	157
"566"	"30"	12418	"magenta"	50	255	128
"567"	"30"	5353	"green"	41	216	255
"568"	"30"	7437	"green"	171	0	238
"569"	"30"	5094	"cyan"	214	225	255
"570"	"30"	7320	"yellow"	255	241	220
"571"	"31"	28606	"blue"	255	152	105
"572"	"31"	4246	"green"	179	3	255
"573"	"31"	3835	"green"	199	29	255
"574"	"31"	11748	"yellow"	154	11	255
"575"	"31"	8111	"magenta"	0	174	154
"576"	"31"	13870	"cyan"	166	90	255
"577"	"31"	9894	"yellow"	142	0	251
"578"	"31"	6118	"red"	12	151	255
"579"	"31"	7734	"yellow"	135	105	255
"580"	"31"	5622	"magenta"	0	166	131
"581"	"31"	4183	"red"	12	126	255
"582"	"31"	8639	"red"	0	153	254
"583"	"31"	4453	"green"	163	93	255
"584"	"31"	9614	"blue"	255	182	153
"585"	"31"	7679	"blue"	255	169	151
"586"	"31"	5775	"blue"	255	158	135
"587"	"31"	12966	"cyan"	255	132	96
"588"	"31"	3999	"magenta"	0	175	120
"589"	"31"	11710	"cyan"	255	132	131
"590"	"32"	34168	"blue"	255	163	169
"591"	"32"	2402	"red"	39	160	255
"592"	"32"	3306	"blue"	255	128	145
"593"	"32"	9090	"yellow"	126	44	255
"594"	"32"	6371	"cyan"	209	116	255
"595"	"32"	3505	"red"	0	146	202
"596"	"32"	4865	"green"	124	0	247
"597"	"32"	5100	"magenta"	0	230	163
"598"	"32"	7722	"blue"	255	145	145
"599"	"32"	8473	"cyan"	255	110	218
"600"	"32"	9954	"red"	109	194	255
"601"	"32"	7418	"green"	165	116	255
"602"	"32"	6570	"magenta"	0	227	130
"603"	"32"	12105	"green"	181	81	255
"604"	"32"	5249	"blue"	255	131	143
"605"	"32"	4947	"yellow"	142	89	255
"606"	"32"	5874	"yellow"	124	25	255
"607"	"32"	2458	"magenta"	0	209	141
"608"	"32"	9906	"cyan"	255	57	98
"609"	"33"	69809	"green"	194	146	255
"610"	"33"	12569	"yellow"	31	230	255
"611"	"33"	7569	"blue"	12	0	239
"612"	"33"	11033	"magenta"	255	13	238
"613"	"33"	3915	"yellow"	255	247	40
"614"	"33"	12978	"blue"	173	255	186
"615"	"33"	9135	"cyan"	186	142	255
"616"	"33"	6314	"yellow"	255	176	173
"617"	"33"	3794	"green"	137	255	101
"618"	"33"	6385	"red"	213	157	255
"619"	"33"	3506	"cyan"	255	202	58
"620"	"33"	3042	"red"	135	255	248
"621"	"33"	8042	"blue"	255	131	146
"622"	"33"	2482	"magenta"	105	255	93
"623"	"33"	7931	"magenta"	82	255	133
"624"	"33"	3146	"cyan"	255	252	1
"625"	"33"	6938	"green"	147	255	199
"626"	"33"	2842	"red"	114	255	253
"627"	"33"	5841	"green"	255	193	120
"628"	"34"	27533	"blue"	255	191	198
"629"	"34"	14375	"magenta"	163	255	179
"630"	"34"	26710	"green"	255	159	229
"631"	"34"	13725	"cyan"	255	125	155
"632"	"34"	10486	"yellow"	167	5	255
"633"	"34"	6214	"red"	105	138	255
"634"	"34"	6894	"yellow"	140	70	255
"635"	"34"	4238	"magenta"	0	155	139
"636"	"34"	5574	"green"	168	69	255
"637"	"34"	8965	"red"	113	115	255
"638"	"34"	14109	"blue"	255	178	101
"639"	"34"	8444	"red"	124	161	255
"640"	"34"	12709	"blue"	255	192	143
"641"	"34"	10405	"yellow"	156	122	255
"642"	"34"	14645	"cyan"	186	96	255
"643"	"34"	14142	"green"	217	72	255
"644"	"34"	7343	"blue"	255	135	128
"645"	"34"	18454	"cyan"	255	149	195
"646"	"34"	25189	"magenta"	0	191	167
"647"	"35"	65508	"yellow"	145	74	255
"648"	"35"	12110	"green"	213	80	255
"649"	"35"	15358	"magenta"	104	159	0
"650"	"35"	10823	"red"	125	210	255
"651"	"35"	7758	"red"	7	120	255
"652"	"35"	4726	"red"	0	154	213
"653"	"35"	15902	"yellow"	203	88	255
"654"	"35"	15414	"blue"	255	223	199
"655"	"35"	15646	"yellow"	209	154	255
"656"	"35"	18022	"magenta"	54	255	136
"657"	"35"	8951	"green"	198	35	255
"658"	"35"	6151	"magenta"	0	190	140
"659"	"35"	12918	"blue"	255	203	205
"660"	"35"	13583	"green"	220	102	255
"661"	"35"	11775	"blue"	255	182	161
"662"	"35"	17702	"yellow"	212	84	255
"663"	"35"	11879	"cyan"	255	154	193
"664"	"35"	13231	"cyan"	255	171	248
"665"	"35"	17046	"cyan"	238	0	192
"666"	"36"	46432	"blue"	255	208	174
"667"	"36"	12778	"magenta"	82	255	112
"668"	"36"	13402	"blue"	255	203	167
"669"	"36"	13201	"yellow"	167	109	255
"670"	"36"	20738	"red"	82	193	255
"671"	"36"	22406	"cyan"	183	154	255
"672"	"36"	27649	"magenta"	143	255	207
"673"	"36"	21318	"green"	181	150	255
"674"	"36"	10246	"green"	189	134	255
"675"	"36"	23698	"cyan"	221	191	255
"676"	"36"	18385	"yellow"	179	145	255
"677"	"36"	8201	"yellow"	139	58	255
"678"	"36"	10620	"red"	42	157	255
"679"	"36"	31649	"magenta"	0	167	86
"680"	"36"	6346	"red"	101	128	255
"681"	"36"	13682	"blue"	255	207	193
"682"	"36"	4079	"green"	158	39	255
"683"	"36"	9906	"blue"	255	159	178
"684"	"36"	12762	"cyan"	255	165	194
"685"	"37"	15752	"green"	220	13	255
"686"	"37"	4114	"yellow"	178	131	255
"687"	"37"	4530	"magenta"	3	255	145
"688"	"37"	6418	"blue"	255	108	80
"689"	"37"	2930	"yellow"	208	104	255
"690"	"37"	5810	"red"	27	244	255
"691"	"37"	7738	"blue"	255	129	16
"692"	"37"	3650	"green"	176	44	255
"693"	"37"	2235	"green"	204	93	255
"694"	"37"	1995	"yellow"	145	72	255
"695"	"37"	3834	"red"	64	197	255
"696"	"37"	3346	"red"	45	202	255
"697"	"37"	4443	"magenta"	58	255	118
"698"	"37"	4579	"green"	207	110	255
"699"	"37"	4674	"magenta"	35	255	170
"700"	"37"	9401	"blue"	227	161	0
"701"	"37"	7615	"cyan"	255	247	174
"702"	"37"	2866	"cyan"	142	236	255
"703"	"37"	6994	"cyan"	255	169	37
"704"	"38"	62317	"magenta"	0	171	135
"705"	"38"	10590	"green"	219	0	234
"706"	"38"	22782	"blue"	255	231	190
"707"	"38"	6679	"red"	32	155	255
"708"	"38"	15167	"yellow"	143	46	255
"709"	"38"	4369	"magenta"	0	143	14
"710"	"38"	4879	"magenta"	0	166	119
"711"	"38"	4175	"red"	49	145	255
"712"	"38"	6964	"yellow"	147	42	255
"713"	"38"	15487	"cyan"	255	163	192
"714"	"38"	7119	"green"	199	109	255
"715"	"38"	9933	"red"	62	160	255
"716"	"38"	10214	"green"	164	65	255
"717"	"38"	10319	"yellow"	168	121	255
"718"	"38"	11687	"magenta"	83	142	0
"719"	"38"	16102	"cyan"	97	49	0
"720"	"38"	12614	"cyan"	97	40	0
"721"	"38"	8678	"blue"	255	141	85
"722"	"38"	8287	"blue"	255	197	182
"723"	"39"	10206	"cyan"	255	103	101
"724"	"39"	5374	"blue"	255	150	135
"725"	"39"	4934	"yellow"	166	108	255
"726"	"39"	4982	"blue"	255	168	154
"727"	"39"	8454	"yellow"	190	120	255
"728"	"39"	11350	"magenta"	100	255	126
"729"	"39"	7814	"green"	186	46	255
"730"	"39"	6358	"magenta"	93	255	176
"731"	"39"	8622	"red"	0	158	250
"732"	"39"	8454	"green"	138	60	255
"733"	"39"	8654	"red"	80	120	255
"734"	"39"	5182	"green"	141	68	255
"735"	"39"	11262	"magenta"	0	183	130
"736"	"39"	4023	"blue"	255	158	149
"737"	"39"	5566	"yellow"	127	76	255
"738"	"39"	5718	"red"	94	161	255
"739"	"39"	6887	"cyan"	143	113	255
"740"	"39"	10366	"cyan"	150	146	255
"741"	"39"	13661	"cyan"	187	158	255
"742"	"40"	58059	"magenta"	76	255	129
"743"	"40"	20486	"blue"	255	222	183
"744"	"40"	5631	"red"	12	100	255
"745"	"40"	18982	"green"	142	0	219
"746"	"40"	6207	"green"	172	56	255
"747"	"40"	20606	"cyan"	57	0	50
"748"	"40"	12134	"yellow"	162	110	255
"749"	"40"	17694	"magenta"	0	97	92
"750"	"40"	17854	"blue"	255	183	155
"751"	"40"	8511	"red"	39	196	255
"752"	"40"	4839	"yellow"	125	102	255
"753"	"40"	5246	"yellow"	148	96	255
"754"	"40"	12150	"cyan"	223	143	255
"755"	"40"	9879	"magenta"	0	93	87
"756"	"40"	14815	"green"	142	0	252
"757"	"40"	11445	"red"	5	150	255
"758"	"40"	12534	"cyan"	99	0	179
"759"	"40"	14622	"blue"	255	138	158
"760"	"40"	15751	"magenta"	0	182	140
"761"	"41"	12376	"magenta"	105	255	134
"762"	"41"	10004	"yellow"	255	191	98
"763"	"41"	5234	"green"	255	33	178
"764"	"41"	7633	"yellow"	210	124	255
"765"	"41"	4499	"magenta"	0	228	162
"766"	"41"	11361	"blue"	255	178	98
"767"	"41"	8086	"cyan"	255	76	100
"768"	"41"	7597	"red"	0	185	226
"769"	"41"	8026	"green"	152	106	255
"770"	"41"	7530	"red"	0	124	234
"771"	"41"	4499	"green"	160	88	255
"772"	"41"	7676	"magenta"	0	218	136
"773"	"41"	8682	"red"	9	132	255
"774"	"41"	5275	"blue"	255	196	161
"775"	"41"	15866	"cyan"	175	175	175
"776"	"41"	5025	"cyan"	255	128	212
"777"	"41"	5304	"blue"	255	183	155
"778"	"41"	13313	"magenta"	23	255	177
"779"	"41"	12090	"yellow"	175	139	255
"780"	"42"	7278	"yellow"	173	108	255
"781"	"42"	8039	"red"	131	156	255
"782"	"42"	4869	"red"	97	153	255
"783"	"42"	11422	"blue"	255	184	163
"784"	"42"	7413	"red"	135	179	255
"785"	"42"	5589	"magenta"	0	230	167
"786"	"42"	5174	"yellow"	122	3	255
"787"	"42"	11005	"blue"	242	142	255
"788"	"42"	4446	"yellow"	154	28	255
"789"	"42"	7470	"magenta"	93	255	167
"790"	"42"	12502	"green"	165	0	240
"791"	"42"	6822	"magenta"	62	255	149
"792"	"42"	9759	"green"	178	42	255
"793"	"42"	11270	"blue"	255	131	243
"794"	"42"	9478	"cyan"	208	121	255
"795"	"42"	5134	"cyan"	246	121	255
"796"	"42"	5662	"green"	183	16	255
"797"	"42"	5926	"yellow"	116	0	179
"798"	"42"	10460	"cyan"	160	0	223
"799"	"43"	42679	"blue"	255	137	126
"800"	"43"	8169	"red"	19	197	255
"801"	"43"	5682	"blue"	136	136	136
"802"	"43"	4961	"magenta"	0	223	75
"803"	"43"	4274	"yellow"	117	0	215
"804"	"43"	3402	"cyan"	100	100	100
"805"	"43"	10345	"magenta"	0	158	55
"806"	"43"	4466	"red"	0	149	244
"807"	"43"	4730	"yellow"	116	0	209
"808"	"43"	19240	"cyan"	95	95	95
"809"	"43"	5761	"yellow"	146	90	255
"810"	"43"	7163	"green"	194	46	255
"811"	"43"	6827	"cyan"	255	145	218
"812"	"43"	5586	"green"	255	109	239
"813"	"43"	12145	"red"	162	207	255
"814"	"43"	8826	"magenta"	54	255	161
"815"	"43"	2851	"green"	153	110	255
"816"	"43"	2762	"blue"	255	123	114
"817"	"43"	3581	"blue"	255	139	125
"818"	"44"	18948	"green"	137	0	131
"819"	"44"	7510	"blue"	255	147	190
"820"	"44"	13583	"cyan"	255	170	202
"821"	"44"	8750	"yellow"	227	0	225
"822"	"44"	20925	"magenta"	0	211	1
"823"	"44"	6990	"red"	56	108	255
"824"	"44"	9686	"green"	149	0	202
"825"	"44"	8581	"cyan"	93	0	94
"826"	"44"	4487	"yellow"	136	0	177
"827"	"44"	5062	"blue"	255	201	195
"828"	"44"	10686	"magenta"	30	130	0
"829"	"44"	4742	"green"	138	0	162
"830"	"44"	4023	"yellow"	148	0	187
"831"	"44"	7317	"red"	0	60	239
"832"	"44"	4582	"red"	0	84	244
"833"	"44"	4863	"blue"	255	175	162
"834"	"44"	7806	"green"	131	0	135
"835"	"44"	16342	"magenta"	40	191	0
"836"	"44"	19206	"cyan"	255	201	185
"837"	"45"	29321	"magenta"	0	243	159
"838"	"45"	14026	"blue"	255	143	98
"839"	"45"	26272	"green"	255	117	223
"840"	"45"	30688	"red"	92	178	255
"841"	"45"	9930	"magenta"	69	255	181
"842"	"45"	27409	"blue"	255	142	173
"843"	"45"	20097	"yellow"	174	128	255
"844"	"45"	11426	"yellow"	195	110	255
"845"	"45"	16945	"red"	56	202	255
"846"	"45"	13338	"yellow"	131	52	255
"847"	"45"	8258	"red"	15	189	255
"848"	"45"	6794	"magenta"	0	251	159
"849"	"45"	12106	"green"	156	48	255
"850"	"45"	3802	"green"	164	86	255
"851"	"45"	19066	"blue"	255	130	186
"852"	"45"	10250	"magenta"	108	255	134
"853"	"45"	17793	"cyan"	255	109	122
"854"	"45"	9418	"cyan"	255	81	141
"855"	"45"	9458	"cyan"	255	131	153
"856"	"46"	9170	"yellow"	255	252	89
"857"	"46"	6170	"green"	114	255	64
"858"	"46"	16090	"magenta"	111	175	0
"859"	"46"	28041	"green"	188	48	255
"860"	"46"	21809	"cyan"	213	145	255
"861"	"46"	15969	"red"	0	149	244
"862"	"46"	22497	"magenta"	0	195	144
"863"	"46"	15273	"magenta"	0	239	184
"864"	"46"	14754	"yellow"	128	137	255
"865"	"46"	12697	"red"	25	161	255
"866"	"46"	29186	"cyan"	83	83	83
"867"	"46"	29076	"yellow"	165	108	255
"868"	"46"	12953	"red"	0	159	190
"869"	"46"	10722	"green"	136	118	255
"870"	"46"	26297	"blue"	255	126	89
"871"	"46"	11841	"blue"	255	174	191
"872"	"46"	16433	"cyan"	255	173	184
"873"	"46"	12649	"blue"	255	168	141
"874"	"46"	17986	"yellow"	184	138	255
"875"	"47"	30737	"cyan"	255	50	52
"876"	"47"	15578	"yellow"	168	0	218
"877"	"47"	22714	"cyan"	104	0	47
"878"	"47"	19377	"red"	0	232	200
"879"	"47"	4097	"yellow"	172	56	255
"880"	"47"	13178	"magenta"	45	255	165
"881"	"47"	10753	"green"	200	147	255
"882"	"47"	16670	"yellow"	89	0	153
"883"	"47"	29161	"blue"	175	79	0
"884"	"47"	6386	"red"	97	169	255
"885"	"47"	6427	"green"	133	80	255
"886"	"47"	10482	"red"	0	107	235
"887"	"47"	28089	"blue"	250	187	255
"888"	"47"	10842	"magenta"	0	93	82
"889"	"47"	14886	"blue"	254	255	222
"890"	"47"	15353	"cyan"	169	0	28
"891"	"47"	13457	"magenta"	0	130	50
"892"	"47"	5674	"green"	148	0	153
"893"	"47"	12322	"cyan"	167	0	195
"894"	"48"	43143	"cyan"	255	98	108
"895"	"48"	11898	"yellow"	162	89	255
"896"	"48"	9353	"green"	189	106	255
"897"	"48"	7605	"red"	77	164	255
"898"	"48"	23031	"cyan"	255	100	161
"899"	"48"	5794	"blue"	255	149	159
"900"	"48"	18993	"cyan"	255	110	166
"901"	"48"	21090	"magenta"	147	255	169
"902"	"48"	6106	"green"	187	102	255
"903"	"48"	7586	"green"	218	88	255
"904"	"48"	10385	"red"	129	167	255
"905"	"48"	7066	"yellow"	149	113	255
"906"	"48"	14332	"magenta"	0	216	182
"907"	"48"	19442	"yellow"	80	124	255
"908"	"48"	17025	"blue"	255	190	230
"909"	"48"	6170	"red"	117	177	255
"910"	"48"	14730	"blue"	255	181	201
"911"	"48"	14417	"magenta"	0	206	171
"912"	"48"	11426	"cyan"	255	188	182
"913"	"49"	46543	"blue"	255	165	149
"914"	"49"	5506	"yellow"	152	74	255
"915"	"49"	18994	"magenta"	0	198	160
"916"	"49"	15745	"cyan"	232	60	255
"917"	"49"	12217	"red"	80	167	255
"918"	"49"	30104	"red"	85	194	255
"919"	"49"	6082	"red"	40	180	255
"920"	"49"	19193	"magenta"	27	255	212
"921"	"49"	18156	"yellow"	152	12	255
"922"	"49"	22521	"cyan"	255	147	192
"923"	"49"	11281	"magenta"	86	255	185
"924"	"49"	14289	"yellow"	153	45	255
"925"	"49"	12738	"green"	161	17	255
"926"	"49"	10298	"green"	164	35	255
"927"	"49"	7817	"blue"	255	182	165
"928"	"49"	5114	"blue"	255	185	163
"929"	"49"	22881	"cyan"	201	108	255
"930"	"49"	9451	"green"	210	48	255
"931"	"49"	13386	"blue"	255	173	181
"932"	"50"	14953	"red"	8	146	255
"933"	"50"	23099	"blue"	255	122	122
"934"	"50"	12954	"magenta"	101	255	183
"935"	"50"	7442	"red"	76	235	255
"936"	"50"	10650	"magenta"	86	255	160
"937"	"50"	7129	"magenta"	68	255	154
"938"	"50"	13721	"yellow"	150	108	255
"939"	"50"	14841	"green"	174	118	255
"940"	"50"	11522	"blue"	255	133	157
"941"	"50"	10721	"yellow"	162	118	255
"942"	"50"	14521	"blue"	255	166	184
"943"	"50"	17272	"yellow"	142	97	255
"944"	"50"	12942	"green"	194	133	255
"945"	"50"	29632	"cyan"	255	127	118
"946"	"50"	26049	"cyan"	255	124	114
"947"	"50"	17992	"red"	145	194	255
"948"	"50"	5138	"green"	153	106	255
"949"	"50"	7665	"green"	179	110	255
"950"	"50"	18401	"cyan"	255	136	128
"951"	"51"	72277	"cyan"	217	145	255
"952"	"51"	5546	"yellow"	171	76	255
"953"	"51"	8594	"magenta"	0	183	79
"954"	"51"	5073	"green"	162	7	255
"955"	"51"	5289	"red"	9	210	255
"956"	"51"	12041	"yellow"	126	0	232
"957"	"51"	11202	"magenta"	0	210	129
"958"	"51"	6210	"cyan"	209	191	255
"959"	"51"	6982	"green"	205	72	255
"960"	"51"	6618	"cyan"	200	174	255
"961"	"51"	4450	"red"	15	206	255
"962"	"51"	4602	"green"	161	88	255
"963"	"51"	8874	"yellow"	159	17	255
"964"	"51"	10058	"blue"	255	100	172
"965"	"51"	6562	"magenta"	73	255	142
"966"	"51"	3707	"blue"	255	158	155
"967"	"51"	7155	"red"	84	196	255
"968"	"51"	4626	"blue"	255	189	198
"969"	"51"	5506	"cyan"	255	207	219
"970"	"52"	59944	"yellow"	188	171	255
"971"	"52"	16106	"red"	40	140	255
"972"	"52"	19434	"magenta"	0	246	202
"973"	"52"	4254	"magenta"	0	186	133
"974"	"52"	6219	"yellow"	138	9	255
"975"	"52"	14842	"green"	135	37	255
"976"	"52"	20154	"cyan"	80	0	14
"977"	"52"	23177	"blue"	255	172	141
"978"	"52"	4522	"yellow"	122	0	213
"979"	"52"	6370	"red"	0	102	197
"980"	"52"	7066	"green"	135	0	227
"981"	"52"	10826	"green"	144	85	255
"982"	"52"	19658	"cyan"	48	0	29
"983"	"52"	21786	"magenta"	0	131	105
"984"	"52"	5754	"red"	0	139	206
"985"	"52"	5690	"yellow"	148	112	255
"986"	"52"	28369	"blue"	255	179	121
"987"	"52"	18938	"blue"	255	124	143
"988"	"52"	24385	"cyan"	211	129	0
"989"	"53"	16686	"green"	217	53	255
"990"	"53"	10454	"green"	201	61	255
"991"	"53"	7719	"magenta"	0	247	205
"992"	"53"	21750	"blue"	255	152	27
"993"	"53"	12325	"yellow"	169	0	219
"994"	"53"	9429	"cyan"	176	0	222
"995"	"53"	5758	"red"	0	118	211
"996"	"53"	35389	"cyan"	255	93	211
"997"	"53"	12671	"blue"	255	158	147
"998"	"53"	4773	"red"	31	117	255
"999"	"53"	5327	"yellow"	151	255	131
"1000"	"53"	14861	"yellow"	126	255	132
"1001"	"53"	10886	"red"	0	202	227
"1002"	"53"	8758	"magenta"	0	182	121
"1003"	"53"	14853	"blue"	255	184	120
"1004"	"53"	9709	"magenta"	0	173	83
"1005"	"53"	4702	"green"	207	0	216
"1006"	"53"	11493	"green"	159	0	178
"1007"	"53"	8981	"cyan"	103	0	104
"1008"	"54"	32660	"red"	0	183	175
"1009"	"54"	12982	"red"	0	151	151
"1010"	"54"	10766	"green"	134	116	255
"1011"	"54"	22471	"magenta"	0	153	110
"1012"	"54"	35102	"yellow"	131	126	255
"1013"	"54"	39789	"magenta"	0	166	97
"1014"	"54"	53747	"cyan"	255	103	61
"1015"	"54"	23286	"green"	162	0	152
"1016"	"54"	20598	"blue"	255	173	139
"1017"	"54"	8487	"red"	0	143	150
"1018"	"54"	10310	"yellow"	131	117	255
"1019"	"54"	13974	"green"	144	142	255
"1020"	"54"	38829	"yellow"	131	81	255
"1021"	"54"	10478	"blue"	255	165	150
"1022"	"54"	10606	"magenta"	0	134	111
"1023"	"54"	16494	"red"	0	174	173
"1024"	"54"	30349	"blue"	175	121	0
"1025"	"54"	8974	"cyan"	145	145	145
"1026"	"54"	5855	"cyan"	145	145	145
"1027"	"55"	30773	"cyan"	255	148	139
"1028"	"55"	7293	"green"	244	57	255
"1029"	"55"	8886	"red"	60	145	255
"1030"	"55"	15040	"magenta"	13	255	179
"1031"	"55"	5342	"blue"	255	191	158
"1032"	"55"	8566	"blue"	255	151	129
"1033"	"55"	7245	"red"	8	151	255
"1034"	"55"	8190	"cyan"	141	141	141
"1035"	"55"	14420	"magenta"	0	198	111
"1036"	"55"	8096	"green"	192	72	255
"1037"	"55"	4390	"green"	186	104	255
"1038"	"55"	12333	"yellow"	142	105	255
"1039"	"55"	16406	"magenta"	0	170	147
"1040"	"55"	11262	"red"	73	190	255
"1041"	"55"	9893	"blue"	255	165	135
"1042"	"55"	4165	"yellow"	148	104	255
"1043"	"55"	4246	"yellow"	142	78	255
"1044"	"55"	27180	"cyan"	255	169	209
"1045"	"55"	13094	"cyan"	255	148	133
"1046"	"56"	35325	"cyan"	45	249	255
"1047"	"56"	3391	"cyan"	11	255	254
"1048"	"56"	4871	"green"	42	255	57
"1049"	"56"	4142	"yellow"	255	220	54
"1050"	"56"	4685	"magenta"	255	49	247
"1051"	"56"	13439	"yellow"	255	252	52
"1052"	"56"	3150	"red"	255	17	15
"1053"	"56"	5295	"magenta"	252	7	255
"1054"	"56"	5047	"red"	251	13	0
"1055"	"56"	3855	"red"	239	12	0
"1056"	"56"	5447	"yellow"	255	238	46
"1057"	"56"	5861	"cyan"	52	255	244
"1058"	"56"	2750	"blue"	21	15	255
"1059"	"56"	6353	"green"	52	255	40
"1060"	"56"	2720	"green"	55	255	41
"1061"	"56"	3076	"blue"	29	17	255
"1062"	"56"	4773	"magenta"	255	48	164
"1063"	"56"	2566	"blue"	11	7	255
"1064"	"56"	7015	"cyan"	69	255	252
"1065"	"57"	47864	"blue"	246	255	166
"1066"	"57"	3834	"yellow"	182	74	255
"1067"	"57"	8609	"cyan"	221	150	255
"1068"	"57"	8110	"blue"	237	191	255
"1069"	"57"	4834	"magenta"	78	255	129
"1070"	"57"	4229	"green"	211	122	255
"1071"	"57"	6839	"magenta"	0	121	95
"1072"	"57"	4178	"green"	213	105	255
"1073"	"57"	3546	"cyan"	242	143	255
"1074"	"57"	6058	"yellow"	204	120	255
"1075"	"57"	5330	"cyan"	255	139	255
"1076"	"57"	3738	"red"	84	201	255
"1077"	"57"	6415	"blue"	253	178	255
"1078"	"57"	8378	"yellow"	200	100	255
"1079"	"57"	4042	"green"	255	129	250
"1080"	"57"	7257	"red"	60	199	255
"1081"	"57"	4778	"red"	82	216	255
"1082"	"57"	12970	"magenta"	82	146	0
"1083"	"57"	5122	"blue"	218	174	255
"1084"	"58"	46124	"magenta"	64	193	0
"1085"	"58"	9206	"blue"	255	135	81
"1086"	"58"	6109	"magenta"	8	143	0
"1087"	"58"	5590	"red"	0	183	230
"1088"	"58"	11062	"blue"	255	209	155
"1089"	"58"	13462	"yellow"	186	142	255
"1090"	"58"	8109	"green"	202	73	255
"1091"	"58"	14349	"magenta"	0	187	156
"1092"	"58"	6230	"yellow"	153	118	255
"1093"	"58"	5374	"red"	27	185	255
"1094"	"58"	10702	"yellow"	152	118	255
"1095"	"58"	13437	"cyan"	181	181	255
"1096"	"58"	6182	"cyan"	255	120	163
"1097"	"58"	4134	"green"	203	40	255
"1098"	"58"	8646	"blue"	255	157	130
"1099"	"58"	5373	"red"	89	199	255
"1100"	"58"	4310	"green"	192	122	255
"1101"	"58"	8982	"cyan"	199	157	255
"1102"	"58"	14470	"magenta"	0	173	135
"1103"	"59"	28260	"red"	41	254	255
"1104"	"59"	24077	"green"	131	0	182
"1105"	"59"	28812	"magenta"	0	209	74
"1106"	"59"	9630	"green"	145	0	216
"1107"	"59"	7165	"yellow"	116	0	210
"1108"	"59"	6751	"magenta"	0	153	95
"1109"	"59"	10029	"yellow"	119	0	185
"1110"	"59"	12670	"blue"	255	158	114
"1111"	"59"	9286	"green"	135	0	153
"1112"	"59"	8310	"blue"	255	120	118
"1113"	"59"	10062	"blue"	255	141	110
"1114"	"59"	13541	"red"	54	210	255
"1115"	"59"	16438	"magenta"	3	255	147
"1116"	"59"	11517	"yellow"	108	0	185
"1117"	"59"	17918	"cyan"	105	0	90
"1118"	"59"	23061	"cyan"	114	0	91
"1119"	"59"	8765	"red"	0	168	169
"1120"	"59"	11453	"red"	0	205	244
"1121"	"59"	12821	"cyan"	39	0	40
"1122"	"60"	41956	"yellow"	175	135	255
"1123"	"60"	8489	"yellow"	147	118	255
"1124"	"60"	3882	"green"	157	53	255
"1125"	"60"	6546	"red"	100	204	255
"1126"	"60"	10226	"yellow"	101	93	255
"1127"	"60"	14081	"cyan"	255	135	136
"1128"	"60"	7121	"magenta"	72	255	171
"1129"	"60"	27457	"cyan"	255	113	100
"1130"	"60"	8801	"magenta"	62	255	147
"1131"	"60"	7290	"blue"	255	163	139
"1132"	"60"	4314	"red"	82	255	240
"1133"	"60"	3963	"red"	49	179	255
"1134"	"60"	6106	"blue"	255	211	202
"1135"	"60"	2626	"green"	165	125	255
"1136"	"60"	4936	"magenta"	101	255	188
"1137"	"60"	2946	"green"	147	125	255
"1138"	"60"	3147	"yellow"	121	112	255
"1139"	"60"	20977	"cyan"	255	139	159
"1140"	"60"	8554	"blue"	255	167	182
"1141"	"61"	7419	"red"	33	157	255
"1142"	"61"	7522	"blue"	255	178	116
"1143"	"61"	19521	"green"	166	35	255
"1144"	"61"	5634	"yellow"	146	93	255
"1145"	"61"	31616	"cyan"	101	0	86
"1146"	"61"	12858	"magenta"	0	250	161
"1147"	"61"	9453	"blue"	255	149	102
"1148"	"61"	7065	"yellow"	159	84	255
"1149"	"61"	24489	"magenta"	0	191	121
"1150"	"61"	8666	"green"	210	66	255
"1151"	"61"	11633	"yellow"	153	15	255
"1152"	"61"	4834	"red"	24	172	255
"1153"	"61"	8986	"magenta"	73	255	211
"1154"	"61"	11413	"green"	140	57	255
"1155"	"61"	8242	"red"	62	164	255
"1156"	"61"	9762	"blue"	255	173	124
"1157"	"61"	10458	"blue"	255	177	139
"1158"	"61"	20290	"cyan"	255	134	193
"1159"	"61"	4907	"cyan"	255	135	145
"1160"	"62"	17190	"yellow"	255	183	235
"1161"	"62"	4590	"green"	130	0	154
"1162"	"62"	10358	"magenta"	0	149	107
"1163"	"62"	7246	"blue"	239	119	0
"1164"	"62"	4583	"cyan"	211	52	255
"1165"	"62"	8614	"yellow"	255	146	217
"1166"	"62"	3822	"yellow"	189	130	255
"1167"	"62"	8054	"red"	94	138	255
"1168"	"62"	3575	"green"	203	104	255
"1169"	"62"	7663	"magenta"	28	68	0
"1170"	"62"	4382	"red"	108	202	255
"1171"	"62"	7518	"magenta"	88	255	146
"1172"	"62"	8917	"green"	149	97	255
"1173"	"62"	4862	"blue"	255	129	247
"1174"	"62"	8084	"cyan"	184	48	255
"1175"	"62"	3014	"blue"	255	131	129
"1176"	"62"	5542	"yellow"	138	29	255
"1177"	"62"	8830	"cyan"	255	134	217
"1178"	"62"	3239	"red"	0	117	220
"1179"	"63"	11486	"blue"	159	104	0
"1180"	"63"	4254	"red"	0	172	227
"1181"	"63"	4494	"magenta"	7	255	157
"1182"	"63"	18846	"cyan"	74	55	0
"1183"	"63"	11102	"magenta"	0	183	92
"1184"	"63"	9022	"yellow"	149	23	255
"1185"	"63"	8781	"green"	122	0	145
"1186"	"63"	5670	"red"	0	171	243
"1187"	"63"	2983	"red"	20	156	255
"1188"	"63"	10933	"blue"	183	119	0
"1189"	"63"	6998	"green"	179	0	213
"1190"	"63"	4198	"magenta"	106	255	156
"1191"	"63"	6068	"green"	171	3	255
"1192"	"63"	5254	"yellow"	157	25	255
"1193"	"63"	8622	"yellow"	158	72	255
"1194"	"63"	14813	"blue"	255	149	139
"1195"	"63"	5140	"blue"	255	174	170
"1196"	"63"	13101	"cyan"	255	118	82
"1197"	"63"	6997	"cyan"	255	131	132
"1198"	"64"	39109	"cyan"	210	178	255
"1199"	"64"	8390	"magenta"	78	255	140
"1200"	"64"	7351	"yellow"	146	45	255
"1201"	"64"	4639	"red"	90	169	255
"1202"	"64"	4311	"magenta"	98	255	165
"1203"	"64"	4999	"red"	133	210	255
"1204"	"64"	3887	"green"	160	124	255
"1205"	"64"	5159	"yellow"	149	17	255
"1206"	"64"	5455	"magenta"	120	255	190
"1207"	"64"	8702	"green"	166	80	255
"1208"	"64"	4934	"blue"	255	203	178
"1209"	"64"	12342	"cyan"	175	28	255
"1210"	"64"	7887	"yellow"	179	46	255
"1211"	"64"	4135	"red"	106	185	255
"1212"	"64"	5995	"blue"	255	198	170
"1213"	"64"	10110	"green"	203	28	255
"1214"	"64"	8438	"blue"	255	207	211
"1215"	"64"	19846	"cyan"	114	1	0
"1216"	"64"	5703	"cyan"	105	0	36
"1217"	"65"	66972	"green"	255	9	190
"1218"	"65"	4894	"green"	165	70	255
"1219"	"65"	7455	"magenta"	0	177	130
"1220"	"65"	13614	"blue"	255	137	121
"1221"	"65"	3886	"blue"	255	153	150
"1222"	"65"	4382	"yellow"	179	112	255
"1223"	"65"	5726	"red"	101	100	255
"1224"	"65"	6006	"magenta"	74	255	187
"1225"	"65"	6150	"yellow"	139	54	255
"1226"	"65"	4702	"yellow"	142	80	255
"1227"	"65"	7638	"blue"	255	149	131
"1228"	"65"	9205	"red"	0	157	252
"1229"	"65"	6014	"red"	94	126	255
"1230"	"65"	6182	"green"	184	141	255
"1231"	"65"	4597	"green"	197	114	255
"1232"	"65"	5568	"cyan"	211	85	255
"1233"	"65"	6223	"cyan"	224	166	255
"1234"	"65"	4501	"magenta"	238	159	255
"1235"	"65"	6670	"cyan"	255	159	193
"1236"	"66"	12061	"cyan"	146	146	146
"1237"	"66"	6991	"cyan"	154	0	15
"1238"	"66"	3775	"red"	0	105	122
"1239"	"66"	6695	"blue"	255	224	101
"1240"	"66"	2759	"magenta"	56	255	149
"1241"	"66"	4878	"red"	31	193	255
"1242"	"66"	5510	"yellow"	90	0	205
"1243"	"66"	6247	"cyan"	53	53	53
"1244"	"66"	7190	"blue"	255	168	17
"1245"	"66"	9509	"red"	126	193	255
"1246"	"66"	13014	"blue"	255	229	117
"1247"	"66"	13478	"magenta"	98	255	135
"1248"	"66"	5926	"green"	170	110	255
"1249"	"66"	8775	"magenta"	0	187	86
"1250"	"66"	7984	"yellow"	132	54	255
"1251"	"66"	4527	"yellow"	157	61	255
"1252"	"66"	8159	"green"	172	32	255
"1253"	"66"	7526	"green"	97	0	158
"1254"	"66"	6703	"cyan"	186	27	255
"1255"	"67"	21533	"blue"	255	174	153
"1256"	"67"	15061	"yellow"	140	0	173
"1257"	"67"	12749	"blue"	255	134	124
"1258"	"67"	3621	"red"	62	184	255
"1259"	"67"	6142	"magenta"	0	183	94
"1260"	"67"	8727	"magenta"	16	255	158
"1261"	"67"	6742	"green"	153	0	167
"1262"	"67"	6200	"red"	99	98	255
"1263"	"67"	2238	"green"	145	42	255
"1264"	"67"	4452	"blue"	255	219	223
"1265"	"67"	12886	"cyan"	255	102	89
"1266"	"67"	8070	"red"	0	188	202
"1267"	"67"	4287	"yellow"	137	121	255
"1268"	"67"	3878	"green"	163	49	255
"1269"	"67"	6022	"magenta"	0	207	119
"1270"	"67"	4678	"yellow"	156	106	255
"1271"	"67"	1590	"blue"	255	174	165
"1272"	"67"	4533	"cyan"	200	129	255
"1273"	"67"	20597	"cyan"	255	104	163
"1274"	"68"	8747	"red"	0	235	250
"1275"	"68"	3165	"magenta"	65	255	17
"1276"	"68"	16334	"cyan"	223	223	223
"1277"	"68"	17574	"green"	167	110	255
"1278"	"68"	8494	"green"	186	116	255
"1279"	"68"	15230	"blue"	255	122	97
"1280"	"68"	9502	"green"	181	116	255
"1281"	"68"	11686	"blue"	255	182	150
"1282"	"68"	13037	"red"	181	197	255
"1283"	"68"	14086	"yellow"	181	199	255
"1284"	"68"	27518	"magenta"	157	255	217
"1285"	"68"	9182	"yellow"	170	116	255
"1286"	"68"	10294	"red"	125	133	255
"1287"	"68"	16702	"cyan"	145	145	145
"1288"	"68"	11174	"yellow"	167	149	255
"1289"	"68"	29702	"magenta"	46	255	166
"1290"	"68"	14965	"blue"	145	145	145
"1291"	"68"	13102	"red"	121	142	255
"1292"	"68"	15966	"cyan"	134	134	134
"1293"	"69"	6917	"magenta"	122	255	141
"1294"	"69"	7870	"yellow"	110	46	255
"1295"	"69"	4262	"red"	84	128	255
"1296"	"69"	3494	"blue"	255	165	162
"1297"	"69"	8798	"cyan"	255	124	156
"1298"	"69"	16045	"blue"	255	178	182
"1299"	"69"	5462	"yellow"	173	118	255
"1300"	"69"	10212	"yellow"	135	110	255
"1301"	"69"	19429	"cyan"	200	146	255
"1302"	"69"	4870	"blue"	255	152	151
"1303"	"69"	5406	"green"	242	105	255
"1304"	"69"	4750	"green"	255	82	250
"1305"	"69"	4486	"red"	108	149	255
"1306"	"69"	3838	"green"	158	139	255
"1307"	"69"	4230	"magenta"	109	255	191
"1308"	"69"	4894	"red"	101	155	255
"1309"	"69"	8462	"magenta"	106	214	255
"1310"	"69"	8806	"cyan"	255	151	189
"1311"	"69"	19718	"cyan"	255	130	133
